<?xml version="1.0" encoding="utf-8"?>
<!--Created using XmlSitemapGenerator.org - Free HTML, RSS and XML sitemap generator-->
<rss version="2.0">
  <channel>
    <title />
    <link>http://meijiewang.tech</link>
    <description />
    <item>
      <guid>http://meijiewang.tech/</guid>
      <title>
              
                
              
              
                
              
              
                  
              
              
                  
              
            </title>
      <link>http://meijiewang.tech/</link>
      <description />
    </item>
    <item>
      <guid>http://meijiewang.tech/pages/invision.html</guid>
      <title>Mobile APP Prototyping</title>
      <link>http://meijiewang.tech/pages/invision.html</link>
      <description />
    </item>
    <item>
      <guid>http://meijiewang.tech/pages/webVR.html</guid>
      <title>WebVR Game</title>
      <link>http://meijiewang.tech/pages/webVR.html</link>
      <description />
    </item>
    <item>
      <guid>http://meijiewang.tech/pages/chatbot.html</guid>
      <title>Chatbot</title>
      <link>http://meijiewang.tech/pages/chatbot.html</link>
      <description />
    </item>
    <item>
      <guid>http://meijiewang.tech/pages/mario.html</guid>
      <title>Mario Labyrinth Game</title>
      <link>http://meijiewang.tech/pages/mario.html</link>
      <description />
    </item>
    <item>
      <guid>http://meijiewang.tech/pages/Lindenmayer.html</guid>
      <title>Hierarchical 3D Modeling of L-System Trees</title>
      <link>http://meijiewang.tech/pages/Lindenmayer.html</link>
      <description />
    </item>
    <item>
      <guid>http://meijiewang.tech/pages/InteractiveFiction_RearWindow.html</guid>
      <title>Following</title>
      <link>http://meijiewang.tech/pages/InteractiveFiction_RearWindow.html</link>
      <description />
    </item>
    <item>
      <guid>http://meijiewang.tech/pages/nod.html</guid>
      <title>Nod App</title>
      <link>http://meijiewang.tech/pages/nod.html</link>
      <description />
    </item>
    <item>
      <guid>http://meijiewang.tech/pages/fractal.html</guid>
      <title>Mandelbrot Fractal</title>
      <link>http://meijiewang.tech/pages/fractal.html</link>
      <description />
    </item>
    <item>
      <guid>http://meijiewang.tech/pages/garden.html</guid>
      <title>Garden Game</title>
      <link>http://meijiewang.tech/pages/garden.html</link>
      <description />
    </item>
    <item>
      <guid>http://meijiewang.tech/pages/OSC.html</guid>
      <title>Bidirectional Interaction Game on Mobile and Web</title>
      <link>http://meijiewang.tech/pages/OSC.html</link>
      <description />
    </item>
    <item>
      <guid>http://meijiewang.tech/pages/vis.html</guid>
      <title>Graphic Perception</title>
      <link>http://meijiewang.tech/pages/vis.html</link>
      <description />
    </item>
    <item>
      <guid>http://meijiewang.tech/pages/Memento.html</guid>
      <title>‘Memento' Virtual Reality</title>
      <link>http://meijiewang.tech/pages/Memento.html</link>
      <description />
    </item>
    <item>
      <guid>http://meijiewang.tech/pages/crowdsourcing.html</guid>
      <title>Urban Immersion: A Web-based Crowdsourcing Platform for Collecting Urban Space Perception Data</title>
      <link>http://meijiewang.tech/pages/crowdsourcing.html</link>
      <description />
    </item>
    <item>
      <guid>http://meijiewang.tech/pages/GLSL.html</guid>
      <title>Computer Graphics_lighting/shading/texturing/shadows</title>
      <link>http://meijiewang.tech/pages/GLSL.html</link>
      <description />
    </item>
    <item>
      <guid>http://meijiewang.tech/pages/Metro.html</guid>
      <title>Shanghai Metro VIS</title>
      <link>http://meijiewang.tech/pages/Metro.html</link>
      <description />
    </item>
    <item>
      <guid>http://meijiewang.tech/pages/flame.html</guid>
      <title>Flame Perception APP</title>
      <link>http://meijiewang.tech/pages/flame.html</link>
      <description />
    </item>
    <item>
      <guid>http://meijiewang.tech/index.html</guid>
      <title>
              
                
              
              
                
              
              
                  
              
              
                  
              
            </title>
      <link>http://meijiewang.tech/index.html</link>
      <description />
    </item>
  </channel>
</rss>
<!--<guid value="5b38bfb4-5073-469c-8db8-5de9e09404cb" />-->
<!--Created using XmlSitemapGenerator.org - Free HTML, RSS and XML sitemap generator-->